Area,Perimeter,MajorAxisLength,MinorAxisLength,AspectRation,Eccentricity,ConvexArea,EquivDiameter,Extent,Solidity,roundness,Compactness,ShapeFactor1,ShapeFactor2,ShapeFactor3,ShapeFactor4,Class,Trust_index,Predict
65610,1081.364,342.2177385,246.0475649,1.390860091,0.695031199,68005,289.0281068,0.690043226,0.964782001,0.705076252,0.844573715,0.005215939,0.001637052,0.713304761,0.992107124,BARBUNYA,0.69163305,SEKER
39964,738.327,261.7453629,195.9004504,1.336114145,0.663203581,40451,225.5742564,0.780242093,0.987960743,0.921258087,0.861808033,0.006549529,0.002228599,0.742713086,0.992349461,SIRA,0.6001512,SIRA
54230,940.76,337.9805201,204.9073227,1.649431146,0.795259167,55277,262.7694436,0.788673812,0.98105903,0.770001873,0.777469197,0.006232353,0.001404639,0.604458353,0.997012433,BARBUNYA,0.57947224,SIRA
59255,922.943,329.2752345,229.5490083,1.43444416,0.716940714,60140,274.6740054,0.747659424,0.985284337,0.874148277,0.834177541,0.005556919,0.00165977,0.69585217,0.998161081,BARBUNYA,0.630464,CALI
58836,962.165,327.3894952,229.8999744,1.424051899,0.711958445,60103,273.7011543,0.709380275,0.978919521,0.798645214,0.836010802,0.005564442,0.001676675,0.69891406,0.995289895,BARBUNYA,0.52308476,CALI
49335,837.331,300.584812,209.2387931,1.436563496,0.717939337,49944,250.6297527,0.755952928,0.987806343,0.884241017,0.833807108,0.00609273,0.001816578,0.695234293,0.998748206,SEKER,0.58927053,SEKER
53524,919.534,324.5638455,210.5158395,1.541754988,0.761119659,54727,261.0533918,0.789090373,0.978018163,0.795468235,0.804320615,0.006063894,0.001565482,0.646931652,0.997410101,BARBUNYA,0.38208887,SEKER
41488,759.552,283.1427772,186.9854891,1.514250001,0.750920218,42005,229.8350762,0.708433653,0.987691941,0.903685555,0.811728551,0.006824691,0.001827705,0.65890324,0.997744232,BARBUNYA,0.6709609,SIRA
61701,973.472,327.5645931,240.3264186,1.362998687,0.679499012,62812,280.2858419,0.728086944,0.982312297,0.818191829,0.855665868,0.005308902,0.001755502,0.732164078,0.997938677,BARBUNYA,0.569912,SEKER
40662,767.554,279.2703195,185.8498523,1.502666351,0.746412361,41304,227.5356376,0.723574632,0.984456711,0.867322717,0.814750518,0.006868091,0.001866871,0.663818407,0.997497584,SIRA,0.68604493,SIRA
38612,742.726,276.8687886,178.3913017,1.552030766,0.764758421,39059,221.7257885,0.765625,0.988555775,0.879579112,0.800833455,0.007170537,0.001819283,0.641334223,0.995370445,SIRA,0.66871613,SIRA
40251,755.91,285.2356657,180.2157124,1.582745822,0.775120534,40738,226.3827841,0.774772867,0.988045559,0.885210093,0.793669275,0.007086424,0.001734464,0.629910918,0.996988874,SIRA,0.7167633,SIRA
49609,855.35,335.0468732,190.9006953,1.755084615,0.821802054,50302,251.3247711,0.799629271,0.986223212,0.852084406,0.750118241,0.006753752,0.001318997,0.562677375,0.987546404,SIRA,0.56988645,SIRA
53775,888.483,356.1336787,193.1511112,1.843808594,0.840149007,54244,261.6647789,0.643819216,0.991353882,0.856036018,0.734737529,0.006622663,0.001190533,0.539839236,0.995360222,HOROZ,0.550542,HOROZ
50486,982.666,325.5099201,198.5238286,1.639651634,0.79248943,51525,253.5365292,0.799942959,0.979835032,0.657005443,0.778890331,0.006447528,0.001463788,0.606670147,0.994727698,BARBUNYA,0.5240481,HOROZ
39048,739.172,272.8580016,182.7970231,1.49268296,0.742420095,39452,222.974119,0.793142671,0.989759708,0.898085416,0.817180063,0.006987759,0.001922156,0.667783256,0.996788687,DERMASON,0.6204638,SIRA
36718,727.659,271.1585016,172.824467,1.568982138,0.770569578,37285,216.2193553,0.788786251,0.984792812,0.871431132,0.797391024,0.007384893,0.00184166,0.635832445,0.997609749,HOROZ,0.6176408,DERMASON
64096,987.105,397.1214378,205.9690031,1.928064087,0.854983645,64721,285.6738733,0.721346898,0.990343165,0.826635568,0.7193615,0.006195729,0.001023437,0.517480968,0.99773647,HOROZ,0.6055326,HOROZ
35889,715.89,271.930781,168.974303,1.609302576,0.783503647,36306,213.7645762,0.788959968,0.988514295,0.879991809,0.786099225,0.007576995,0.001784786,0.617951991,0.994471731,SIRA,0.59296954,DERMASON
38811,742.218,264.634744,187.3745512,1.412330235,0.706162603,39314,222.2964237,0.714909372,0.987205576,0.885322969,0.840012238,0.00681855,0.002094181,0.705620561,0.996569252,DERMASON,0.54587,SIRA
47650,843.392,332.0364935,183.7246547,1.807250606,0.832964328,48256,246.3125338,0.759168977,0.987441976,0.841809485,0.741823681,0.006968237,0.001301684,0.550302373,0.994534298,HOROZ,0.65789944,SIRA
40120,762.206,281.6828655,182.1285948,1.546615268,0.76285194,40818,226.0140937,0.717761557,0.982899701,0.867812821,0.802370756,0.007021009,0.001795063,0.64379883,0.9957091,SIRA,0.6894154,SIRA
38706,720.119,258.8464423,190.7525632,1.35697491,0.675965465,39128,221.9955176,0.745277751,0.989214884,0.937949847,0.85763403,0.006687502,0.002231782,0.73553613,0.998104074,DERMASON,0.5373144,DERMASON
35383,707.379,271.5264922,166.6109469,1.629703793,0.789610463,35744,212.2522905,0.835628085,0.989900403,0.888587482,0.781700116,0.007673925,0.001767494,0.611055072,0.995838768,DERMASON,0.70206946,DERMASON
33954,716.75,277.3684803,156.3563259,1.773951126,0.825970469,34420,207.9220419,0.799481987,0.98646136,0.830549278,0.7496239,0.008168949,0.001591181,0.561935991,0.996846984,HOROZ,0.62410337,DERMASON
41574,754.002,273.506578,193.8869062,1.410650071,0.705316011,41973,230.0731641,0.743375174,0.990493889,0.918938993,0.841197918,0.006578789,0.002031976,0.707613938,0.998195652,DERMASON,0.4815975,SIRA
67429,1124.602,393.2619082,219.2954315,1.793297314,0.830088268,68968,293.0072853,0.714668786,0.977685303,0.669975436,0.745069073,0.005832237,0.001108667,0.555127923,0.995509414,BARBUNYA,0.6803158,HOROZ
60090,979.426,375.6817187,207.4573168,1.81088681,0.833701324,61492,276.6025384,0.814227642,0.977200286,0.787170501,0.736268295,0.006251984,0.001133293,0.542091002,0.981665445,HOROZ,0.54460686,HOROZ
55434,925.422,330.5917574,213.7725739,1.546464785,0.762798609,56460,265.670399,0.718876439,0.981827843,0.813404259,0.803620759,0.0059637,0.001534264,0.645806325,0.998716739,BARBUNYA,0.42746955,SIRA
37714,728.687,278.2250489,174.4161198,1.595179672,0.779108879,38440,219.1322801,0.752248928,0.981113424,0.892545608,0.787608021,0.007377235,0.001751112,0.620326395,0.989532055,SIRA,0.5078595,SIRA
65243,980.668,328.5051239,253.2426845,1.29719492,0.636963249,66224,288.2186108,0.757494485,0.985186639,0.852510582,0.877364126,0.005035101,0.00184038,0.769767809,0.998538891,BARBUNYA,0.634601,SEKER
57744,947.678,342.4605385,215.3862585,1.589983228,0.777455903,58657,271.1493025,0.720880877,0.984434935,0.807969806,0.79176802,0.005930669,0.001437723,0.626896598,0.996755076,BARBUNYA,0.6276182,CALI
40708,752.843,275.1620322,188.6059943,1.45892517,0.728132771,41209,227.6643042,0.784535924,0.987842462,0.902569797,0.827382697,0.006759409,0.001953954,0.684562127,0.998724917,DERMASON,0.642263,SIRA
48638,874.041,301.9839706,205.4110154,1.470144968,0.733021909,49596,248.8530188,0.747747748,0.980683926,0.800058902,0.824060358,0.006208807,0.001766136,0.679075473,0.998339389,BARBUNYA,0.5081437,SEKER
58294,917.877,342.5758264,218.1332902,1.570488512,0.771074821,59011,272.4375635,0.703269393,0.987849723,0.869490308,0.795262078,0.005876691,0.001449952,0.632441773,0.993242539,BARBUNYA,0.4878135,SIRA
36958,709.414,254.3816575,185.5235122,1.371155896,0.684181616,37398,216.924842,0.79047782,0.988234665,0.922823861,0.852753474,0.006882993,0.00224518,0.727188487,0.997088781,SIRA,0.719196,DERMASON
39319,743.387,264.1196166,189.9788051,1.390258332,0.694709129,39830,223.746521,0.752516746,0.987170475,0.894092401,0.847140867,0.006717353,0.00213403,0.717647648,0.997715623,SIRA,0.43123052,DERMASON
56235,1023.117,321.7252343,223.7695959,1.437752224,0.718496924,57765,267.5829326,0.746971468,0.973513373,0.675096664,0.831712604,0.005721085,0.001688695,0.691745856,0.994559144,BARBUNYA,0.73287934,SEKER
41637,752.604,283.1175686,187.7286654,1.508121138,0.748551454,42017,230.2474211,0.761898662,0.990956042,0.923753826,0.813257271,0.006799663,0.001834759,0.661387388,0.997452301,DERMASON,0.6251209,DERMASON
58078,935.784,352.7123243,211.0881507,1.670924318,0.801144357,58934,271.9323561,0.722120681,0.985475277,0.833432219,0.77097492,0.00607308,0.001323579,0.594402327,0.993201304,BARBUNYA,0.66662765,CALI
38024,765.052,257.1366649,189.0519994,1.360137241,0.677828638,38711,220.0310443,0.729575195,0.982253106,0.816367592,0.855696889,0.006762483,0.002236484,0.732217167,0.995915837,DERMASON,0.40299052,DERMASON
56506,911.91,311.9078336,231.3239233,1.348359604,0.670795996,57392,268.2269071,0.749476086,0.984562308,0.85388714,0.859955661,0.005519906,0.001862155,0.739523739,0.997143935,BARBUNYA,0.71253496,SEKER
57343,1021.149,341.5122062,215.6461334,1.583669509,0.775420767,58908,270.2061717,0.675290876,0.97343315,0.691054089,0.791205019,0.005955604,0.001439666,0.626005383,0.991385637,BARBUNYA,0.5739537,SIRA
35408,684.211,241.922654,186.6907132,1.295847286,0.635991732,35765,212.3272611,0.735093838,0.990018174,0.950454118,0.877665888,0.006832429,0.002500759,0.770297412,0.998187811,SEKER,0.70395654,SEKER
39631,740.396,268.2960268,188.6837678,1.421934859,0.710925728,40053,224.6324919,0.761183136,0.98946396,0.908482921,0.837256125,0.006769853,0.002052071,0.70099782,0.996773236,SIRA,0.54365635,SIRA
60321,941.694,357.5161265,215.1371786,1.661805407,0.798680607,61010,277.1336908,0.691675267,0.988706769,0.854788735,0.775164168,0.005926893,0.001320023,0.600879488,0.998544781,BARBUNYA,0.7387267,CALI
70264,1101.506,398.9485458,226.3556467,1.762485503,0.823455711,71973,299.1034994,0.639787296,0.976254985,0.727727857,0.749729514,0.005677851,0.001106578,0.562094345,0.990683133,BARBUNYA,0.6788272,CALI
37957,713.931,255.1594978,189.9623637,1.343210796,0.667639428,38297,219.8371065,0.786429089,0.99112202,0.935813409,0.861567406,0.00672233,0.002284845,0.742298394,0.997063217,SEKER,0.5617859,DERMASON
55773,968.988,347.9202426,204.4911912,1.701394767,0.809040374,57047,266.4814987,0.765376698,0.977667537,0.746443726,0.765926974,0.006238148,0.001324296,0.58664413,0.998113252,BARBUNYA,0.4409314,SIRA
38688,760.889,294.4626318,168.896273,1.743452514,0.819153362,39324,221.9438927,0.715728716,0.983826671,0.839737469,0.753725155,0.007611214,0.001515255,0.568101609,0.990458178,SIRA,0.5262808,SIRA
37020,717.948,264.5187106,178.7152161,1.480112977,0.737246277,37394,217.1067202,0.821461856,0.989998395,0.902527198,0.820761298,0.007145292,0.002000171,0.673649108,0.997076787,SIRA,0.54720104,SIRA
58191,959.247,341.437891,217.4412004,1.570253891,0.770996245,59272,272.1967714,0.715650826,0.981762046,0.794702877,0.797207277,0.005867538,0.00146191,0.635539442,0.997958282,BARBUNYA,0.56189615,CALI
59244,934.803,340.330062,222.213422,1.53154593,0.757413913,60023,274.6485092,0.704455463,0.987021642,0.851949873,0.807006315,0.005744549,0.001502946,0.651259192,0.997433365,BARBUNYA,0.7274696,CALI
55327,885.816,325.3403835,217.2530013,1.497518476,0.744366419,55918,265.4138736,0.793013989,0.989430952,0.8860535,0.815803654,0.005880319,0.001606657,0.665535602,0.99665186,BARBUNYA,0.54648954,SIRA
39367,733.025,260.7615274,192.522146,1.354449515,0.674464449,39822,223.8830524,0.798908191,0.988574155,0.920671312,0.858573942,0.006623861,0.002220249,0.737149213,0.998431395,SIRA,0.525884,SEKER
58360,1017.74,343.4058788,217.0433676,1.582199367,0.774942614,59984,272.5917457,0.737716315,0.972926114,0.708029674,0.793788815,0.005884268,0.001441093,0.630100684,0.996944903,BARBUNYA,0.38015544,CALI
59658,936.462,320.2428705,237.980706,1.345667369,0.669151851,60741,275.6064672,0.774678613,0.982170198,0.854866376,0.860617027,0.005367979,0.001816479,0.740661668,0.996684237,BARBUNYA,0.52832055,CALI
36553,719.347,265.8793197,175.6988246,1.513267492,0.750542922,37043,215.7329949,0.769569245,0.98677213,0.887679145,0.811394414,0.007273803,0.001944775,0.658360896,0.996276141,SIRA,0.6014191,DERMASON
55501,898.191,345.523159,207.0296994,1.668954551,0.800616222,56394,265.8309011,0.784799208,0.984164982,0.864516475,0.769357695,0.00622553,0.001345455,0.591911262,0.987872995,CALI,0.56314224,CALI
72511,1130.101,412.4255676,225.2915918,1.830630093,0.837615669,74018,303.8484369,0.658532377,0.979640088,0.713475789,0.736735209,0.005687766,0.001033635,0.542778769,0.993627148,BARBUNYA,0.55874205,CALI
42515,803.074,312.7763644,174.0957739,1.796576432,0.83077109,43105,232.6623718,0.716609358,0.986312493,0.828401576,0.743861744,0.007356847,0.001389442,0.553330294,0.994100165,SIRA,0.5439289,HOROZ
38998,747.763,281.3657909,177.618235,1.584104193,0.775561834,39652,222.8313168,0.768009768,0.983506507,0.876444167,0.791963075,0.007214877,0.001750767,0.627205511,0.993558881,SIRA,0.7271984,SIRA
38089,732.053,266.60833,183.8956229,1.449780728,0.724038577,38826,220.2190296,0.705796242,0.981017875,0.893149964,0.826002059,0.006999615,0.002009918,0.682279402,0.989155528,SIRA,0.5303336,SIRA
35490,708.286,259.7806083,175.7151325,1.478419101,0.736536145,36077,212.5729791,0.70846808,0.983729246,0.888993423,0.818278856,0.007319826,0.002024351,0.669580287,0.989920286,DERMASON,0.7325686,DERMASON
34960,681.462,237.5611221,187.9510512,1.26395208,0.611597287,35342,210.979749,0.80349345,0.98919133,0.946014953,0.888107225,0.006795227,0.002607626,0.788734443,0.99692254,SEKER,0.72358394,SEKER
65521,1015.78,403.4499947,207.3342861,1.945891354,0.857848117,66400,288.8320069,0.795679207,0.986762048,0.797978271,0.715905343,0.006157568,0.000997726,0.51252046,0.997309132,HOROZ,0.7230655,HOROZ
37833,730.074,274.3412064,176.0699071,1.558137963,0.766879015,38257,219.4777248,0.777049786,0.988917061,0.891963083,0.80001735,0.007251373,0.001832305,0.64002776,0.99725155,DERMASON,0.5723656,DERMASON
57583,926.308,332.5452734,220.7230731,1.50661763,0.747964782,58564,270.7710337,0.718082055,0.983249095,0.84332179,0.814238106,0.00577506,0.00156582,0.662983694,0.998862922,BARBUNYA,0.44300976,SEKER
36343,697.705,243.4098446,190.9631883,1.274642756,0.620086378,36737,215.1124003,0.786270607,0.989275118,0.938181722,0.883745687,0.006697572,0.002520034,0.781006439,0.9955042,SEKER,0.514406,SEKER
56724,929.168,347.0655985,209.2032796,1.65898737,0.79790944,57657,268.7438184,0.733237678,0.983818097,0.825635244,0.77433148,0.006118497,0.001356851,0.59958924,0.994710977,BARBUNYA,0.47298482,CALI
38369,731.627,274.2813142,178.9082412,1.533083733,0.757978021,38846,221.026985,0.811939225,0.987720743,0.900763741,0.805840477,0.007148513,0.001859481,0.649378874,0.995552188,SIRA,0.7032927,SIRA
41378,752.604,281.6600887,187.3121056,1.503693997,0.746817602,41804,229.5301851,0.742979243,0.989809588,0.918007681,0.814919097,0.006807001,0.001851798,0.664093135,0.99859286,SIRA,0.62050587,DERMASON
58851,931.858,324.4800674,231.7515902,1.400120133,0.699916758,59915,273.7360416,0.725829726,0.982241509,0.851656048,0.843614351,0.005513586,0.001722621,0.711685174,0.99644474,BARBUNYA,0.62459147,CALI
58857,953.918,319.2300624,235.8839231,1.353335396,0.673798509,59856,273.7499952,0.771945701,0.983309944,0.812804124,0.857532004,0.005423825,0.001809201,0.735361138,0.995190257,BARBUNYA,0.7394391,CALI
41506,766.971,292.9027195,180.9660248,1.618550884,0.786306503,41963,229.8849289,0.69884833,0.989109454,0.886671725,0.784850784,0.007056877,0.001651736,0.615990753,0.997012378,DERMASON,0.74080664,SIRA
42963,789.231,311.4863791,175.8779258,1.77103737,0.825336743,43364,233.8849943,0.759224571,0.990752698,0.866754675,0.750867486,0.007250108,0.0014216,0.563801981,0.998514378,SIRA,0.7462129,SIRA
56385,908.18,319.6881974,224.8440507,1.421821909,0.710870458,57282,267.9395673,0.735789226,0.984340631,0.859072034,0.838127805,0.005669738,0.001725773,0.702458218,0.998770485,BARBUNYA,0.73065305,SEKER
59151,931.54,305.938941,247.6315232,1.235460401,0.587237256,60079,274.4328557,0.79769932,0.984553671,0.85658199,0.897018388,0.005172169,0.002065655,0.804641989,0.994103314,BARBUNYA,0.5675173,SEKER
36458,731.111,283.698962,164.9206882,1.720214517,0.813672998,36979,215.4524711,0.679223489,0.985910922,0.857109025,0.759440463,0.007781528,0.001596686,0.576749817,0.992133409,HOROZ,0.491594,DERMASON
37240,731.308,276.0085871,172.8292023,1.597002031,0.779683925,37848,217.7508683,0.709941855,0.983935743,0.87502183,0.788927876,0.007411616,0.001771095,0.622407193,0.993985551,SIRA,0.54049826,DERMASON
52104,906.358,316.9151109,209.6040912,1.511970063,0.750043274,53108,257.5672208,0.774113033,0.981095127,0.797042325,0.812732533,0.006082357,0.001636976,0.66053417,0.998707891,BARBUNYA,0.52246886,SEKER
52545,911.562,315.9159221,212.1152663,1.489359666,0.741068445,53754,258.6549282,0.748248462,0.977508651,0.794637096,0.818746097,0.006012293,0.001666544,0.670345171,0.99838506,BARBUNYA,0.7434548,SEKER
68859,1084.476,413.5414071,217.1072221,1.904779597,0.851105235,70948,296.0979598,0.710179455,0.9705559,0.735750701,0.716005592,0.006005626,0.000973652,0.512664007,0.976511941,BARBUNYA,0.63562167,HOROZ
36474,713.319,259.3227454,179.5186179,1.444545131,0.721648717,36885,215.4997428,0.811290538,0.988857259,0.900794392,0.8310098,0.007109797,0.002091518,0.690577288,0.997570059,SIRA,0.5706518,DERMASON
38769,741.738,275.503958,179.8417254,1.531924571,0.757553006,39293,222.1761101,0.70822601,0.986664291,0.885509868,0.806435275,0.007106295,0.001853963,0.650337853,0.996268536,SIRA,0.5521924,SIRA
52452,878.032,342.1508562,198.7842347,1.721217262,0.813914849,53647,258.4259287,0.675362132,0.977724756,0.854970693,0.755298208,0.006523123,0.001309511,0.570475384,0.981912078,HOROZ,0.62599903,SIRA
41028,762.898,298.3388971,175.455882,1.700364181,0.808781456,41415,228.5573714,0.81217832,0.99065556,0.885844021,0.766099807,0.007271592,0.001545079,0.586908914,0.997958895,SIRA,0.5998545,SIRA
36325,690.58,246.1701717,188.3103217,1.307257984,0.644077851,36623,215.0591232,0.738868661,0.991863037,0.957166508,0.873619747,0.00677688,0.002435002,0.763211463,0.997714279,SEKER,0.6865916,SEKER
46276,796.204,289.0980178,204.2614007,1.415333572,0.7076659,46788,242.735315,0.748112582,0.989057023,0.917311771,0.839629814,0.006247256,0.001915228,0.704978225,0.99777935,SIRA,0.6628108,SIRA
39728,760.568,282.0889342,179.8807136,1.568199995,0.77030654,40293,224.9072267,0.695944644,0.985977713,0.863039093,0.797291916,0.007100507,0.001769859,0.635674399,0.996864589,SIRA,0.740058,SIRA
50713,866.1,343.0013052,189.6905852,1.808214703,0.833160231,51159,254.1058776,0.774587222,0.991282081,0.849558109,0.740830643,0.006763577,0.001256701,0.548830042,0.992402552,SIRA,0.53326684,HOROZ
39069,746.275,275.1892717,181.200761,1.518698212,0.752616891,39487,223.0340686,0.779167165,0.989414238,0.88154477,0.810475159,0.007043673,0.001874726,0.656869983,0.997587268,SIRA,0.6608261,SIRA
45984,790.582,293.5218655,199.762426,1.46935473,0.732682275,46363,241.9682773,0.750269212,0.991825378,0.924533743,0.824362018,0.00638313,0.001818383,0.679572736,0.998533414,SEKER,0.6377983,SEKER
37680,733.624,274.2649468,175.4307589,1.563380039,0.768674837,38141,219.0334816,0.74389955,0.987913269,0.879779214,0.798620036,0.007278794,0.001826417,0.637793961,0.997114348,DERMASON,0.55043304,DERMASON
61387,946.924,324.6244961,241.2196469,1.345763085,0.669210543,62475,279.5717366,0.767260774,0.982585034,0.86031209,0.861215774,0.005288164,0.001794455,0.741692609,0.998142534,BARBUNYA,0.6196984,SEKER
37240,742.398,280.7374947,169.3158837,1.658069454,0.797657237,37762,217.7508683,0.709738898,0.98617658,0.849074797,0.77563871,0.007538601,0.001683094,0.601615409,0.997520132,SIRA,0.51018864,DERMASON
38278,743.116,282.0458625,173.5821831,1.62485491,0.788184078,38714,220.7647238,0.732958027,0.988737924,0.871055601,0.782726334,0.007368354,0.001706043,0.612660513,0.995484443,SIRA,0.5819858,SIRA
40225,758.276,269.2926818,190.5246578,1.413426928,0.706713026,40719,226.3096566,0.720335948,0.987868071,0.879126347,0.840385469,0.00669466,0.002059787,0.706247736,0.998229568,SIRA,0.5948801,SIRA
62738,1066.476,358.6333165,223.2364287,1.60651789,0.782648211,64416,282.6313899,0.698509191,0.973950571,0.693167769,0.788079012,0.005716365,0.001360125,0.62106853,0.997757705,BARBUNYA,0.65338176,CALI
66985,1009.144,340.0882559,251.1517016,1.354114879,0.674264669,68137,292.0410089,0.729763591,0.983092886,0.826572859,0.85872124,0.005077081,0.001702953,0.737402169,0.998527248,BARBUNYA,0.7260017,CALI
55805,934.264,333.9240433,213.1978428,1.566263706,0.769653272,56596,266.5579352,0.70937357,0.986023747,0.803422051,0.798259186,0.005983766,0.001498753,0.637217729,0.998051001,BARBUNYA,0.5859659,SIRA
36021,718.049,268.2881126,171.3113294,1.566085054,0.769592848,36571,214.1573292,0.777386913,0.984960761,0.8779251,0.79823637,0.007448103,0.001865312,0.637181303,0.997880115,DERMASON,0.7431042,DERMASON
39433,744.37,279.8295103,179.9840248,1.554746376,0.76570517,39861,224.0706473,0.693485984,0.989262688,0.894317974,0.800739876,0.007096328,0.001799614,0.641184348,0.996879042,DERMASON,0.5388619,DERMASON
40358,746.391,268.0759661,192.389098,1.393405182,0.69638712,40848,226.6834832,0.799754275,0.988004309,0.910346469,0.845594204,0.006642449,0.002094865,0.715029558,0.996325891,DERMASON,0.6688103,SIRA
55721,916.614,342.8912926,207.1948899,1.654921571,0.796788539,56533,266.3572426,0.79728995,0.985636708,0.833404409,0.776797919,0.006153717,0.001382132,0.603415007,0.998604511,BARBUNYA,0.42918864,SIRA
40009,742.191,265.1094339,192.6296891,1.376264662,0.68705604,40475,225.7012205,0.777628766,0.98848672,0.912717113,0.851351147,0.006626245,0.002147248,0.724798775,0.997514941,SEKER,0.43833107,SIRA
51576,861.13,310.8525301,211.4262215,1.470264795,0.733073347,52274,256.2588589,0.783948928,0.986647282,0.874017407,0.824374371,0.006027077,0.001717056,0.679593103,0.999181814,BARBUNYA,0.6507333,SEKER
39539,740.844,277.776349,181.8119061,1.527822655,0.756039295,39964,224.3716077,0.734161468,0.989365429,0.90527809,0.807741942,0.007025376,0.00184476,0.652447046,0.996823377,DERMASON,0.7024286,DERMASON
44567,782.358,280.7871163,202.7030257,1.385214233,0.691986964,45005,238.2109712,0.753635687,0.990267748,0.914981281,0.848368595,0.006300337,0.002013177,0.719729272,0.996979232,SIRA,0.6754777,SIRA
55676,934.071,333.10278,215.6228608,1.544839813,0.762221491,57508,266.2496665,0.799356793,0.968143563,0.801896121,0.799301845,0.005982879,0.001506376,0.638883439,0.986972572,BARBUNYA,0.6781416,CALI
41974,754.72,285.4805882,187.5134589,1.522453854,0.754034897,42324,231.1773273,0.803084223,0.99173046,0.926016029,0.809783,0.006801367,0.001804058,0.655748508,0.998346843,SEKER,0.5185563,DERMASON
56521,936.644,346.8323709,208.2229249,1.665678124,0.799732811,57353,268.2625063,0.81489331,0.985493348,0.809600169,0.773464442,0.006136345,0.001354724,0.598247243,0.996487346,BARBUNYA,0.6998225,CALI
37876,716.116,255.1052519,189.4550716,1.346521103,0.669674731,38246,219.6024157,0.748300933,0.990325786,0.928126595,0.860830634,0.006735274,0.002281423,0.741029381,0.997811699,DERMASON,0.45281222,DERMASON
57949,929.665,317.0188129,233.2385837,1.359203987,0.677280671,58918,271.6301868,0.774646758,0.983553413,0.842563901,0.856826711,0.005470652,0.001818825,0.734152013,0.997862343,BARBUNYA,0.6954342,SEKER
55544,924.19,357.6967019,198.2257211,1.804491868,0.832401765,56205,265.9338588,0.769137033,0.98823948,0.817192715,0.74346187,0.00643988,0.001213647,0.552735552,0.997406809,CALI,0.6648224,HOROZ
35233,707.917,263.2304507,170.859998,1.540620706,0.76071245,35678,211.8019095,0.779284261,0.987527328,0.883476098,0.804625411,0.007471134,0.001931707,0.647422052,0.997431818,DERMASON,0.73165685,DERMASON
43417,807.149,316.3177359,175.9285942,1.797989334,0.83106398,43992,235.1175053,0.795255976,0.986929442,0.837456484,0.74329536,0.007285573,0.001371795,0.552487992,0.993367516,SIRA,0.55814034,SIRA
59829,976.903,359.8403737,213.0306154,1.689148637,0.805927523,60870,276.0011752,0.674479167,0.982897979,0.787804979,0.767010028,0.006014481,0.00128405,0.588304383,0.993733548,BARBUNYA,0.3719653,CALI
62417,971.942,325.2218476,245.4771635,1.324855815,0.655956014,63584,281.9074186,0.737528063,0.981646326,0.830294299,0.866815746,0.005210469,0.001814528,0.751369538,0.995456302,BARBUNYA,0.74042267,CALI
35351,697.598,246.2981369,183.073923,1.345348004,0.668955891,35802,212.1562894,0.772598129,0.987402938,0.912853561,0.861380001,0.006967218,0.00236602,0.741975507,0.998215267,DERMASON,0.6971059,DERMASON
44356,813.005,321.6274764,176.3942958,1.823343974,0.836188029,44858,237.6464038,0.650934813,0.988809131,0.843287778,0.738887133,0.007251048,0.001333193,0.545954195,0.995462291,SIRA,0.66168314,HOROZ
36190,699.611,249.2849209,185.1673625,1.346268141,0.669519948,36545,214.6591231,0.755847953,0.990285949,0.929148625,0.861099509,0.006888227,0.002336149,0.741492365,0.998247548,DERMASON,0.60913306,DERMASON
59413,920.796,348.2599063,218.4122537,1.594507178,0.778896067,60023,275.0399627,0.713763981,0.989837229,0.880571242,0.789754886,0.005861679,0.001406601,0.62371278,0.994514505,CALI,0.71199054,CALI
43282,822.236,311.418956,177.8458297,1.751061335,0.820892864,44083,234.7516858,0.663936187,0.98182973,0.804496594,0.753813091,0.007195115,0.001433086,0.568234176,0.995012895,SIRA,0.6939323,SIRA
35980,710.63,259.9490691,176.8295109,1.470054788,0.732983186,36501,214.0354149,0.795454545,0.985726418,0.895331672,0.823374423,0.007224821,0.002048313,0.677945441,0.996616941,DERMASON,0.65131986,DERMASON
38709,747.193,278.3041772,177.9968145,1.563534594,0.768727447,39155,222.0041205,0.72065011,0.988609373,0.871276954,0.797703156,0.00718965,0.001795779,0.636330325,0.994924477,SIRA,0.7382355,SIRA
38760,753.761,276.7611091,178.6877616,1.548853187,0.763642783,39356,222.1503202,0.711297071,0.984856185,0.857287135,0.802678963,0.007140379,0.001828389,0.644293518,0.997916069,DERMASON,0.5136082,SIRA
48099,857.135,332.6926613,185.4098015,1.794363937,0.830310847,48867,247.4702989,0.726735665,0.984283873,0.822711282,0.74384057,0.006916831,0.00130619,0.553298794,0.992819403,SIRA,0.6833576,SIRA
56546,951.015,315.4936373,229.1241617,1.376954901,0.687441033,57830,268.3218278,0.768225416,0.977796991,0.785664299,0.850482533,0.005579416,0.001800653,0.723320539,0.995979761,BARBUNYA,0.72587,SEKER
59100,1057.719,351.9312622,215.1271842,1.635921855,0.791417386,60703,274.3145222,0.778707425,0.973592738,0.663829783,0.77945483,0.005954844,0.001355857,0.607549832,0.993904049,BARBUNYA,0.47768357,CALI
38555,727.766,261.7851275,187.8709619,1.393430496,0.696400556,38992,221.5620695,0.772846633,0.988792573,0.91475975,0.846350866,0.006789914,0.002149046,0.716309789,0.998127905,SIRA,0.5285835,DERMASON
35145,681.083,243.7645848,183.7065283,1.32692391,0.657307236,35444,211.5372397,0.782809159,0.991564158,0.952079756,0.867793162,0.006935968,0.00242634,0.753064972,0.999259916,SEKER,0.57799375,SEKER
41315,758.92,287.4382677,183.4475805,1.566868677,0.769857698,41704,229.3553832,0.791930228,0.990672358,0.901416753,0.797929187,0.006957238,0.001739699,0.636690987,0.997611164,SIRA,0.73165685,SIRA
38509,733.994,272.1738968,180.7717392,1.505621941,0.74757504,38979,221.4298571,0.763295078,0.987942225,0.898229027,0.813560226,0.0070678,0.001909954,0.661880242,0.996541415,SIRA,0.5012533,DERMASON
55608,918.716,348.4501558,205.4062325,1.696395243,0.807779129,56288,266.0870245,0.759495746,0.987919272,0.827912767,0.763630092,0.006266188,0.001314363,0.583130917,0.989220515,CALI,0.5113306,CALI
62547,971.506,390.4499919,204.7949885,1.906540755,0.851404187,63159,282.2008395,0.76631953,0.99031017,0.832770579,0.72275796,0.006242506,0.001050776,0.522379068,0.995936983,HOROZ,0.6572134,HOROZ
43752,769.631,276.4439767,202.4861281,1.365248964,0.680802389,44197,236.0228306,0.767848368,0.989931443,0.928202363,0.85378178,0.006318431,0.002070983,0.728943329,0.995189124,SIRA,0.70968264,SIRA
38013,727.328,270.498208,179.1231519,1.510124208,0.749329626,38401,219.9992155,0.778843199,0.989896096,0.902986787,0.813311175,0.007115939,0.001920609,0.661475068,0.998909513,SIRA,0.7012523,DERMASON
39401,744.254,284.6191816,176.9496459,1.608475565,0.783250156,39849,223.9797118,0.698772745,0.98875756,0.893870806,0.786945246,0.007223654,0.001708893,0.61928282,0.996101283,DERMASON,0.73381567,DERMASON
59921,1021.206,359.0814765,213.1506727,1.684636844,0.804760426,61108,276.2132994,0.765274585,0.980575375,0.722041569,0.769221799,0.005992582,0.001294196,0.591702176,0.996803287,BARBUNYA,0.6822626,CALI
57716,909.091,335.90117,219.5139403,1.530204275,0.756920024,58301,271.0835546,0.776504144,0.989965867,0.877589407,0.807033672,0.005819897,0.001522866,0.651303347,0.996627167,BARBUNYA,0.69146824,CALI
40586,754.38,288.2094559,180.1851852,1.59951805,0.780473937,41079,227.3228985,0.786367511,0.987998734,0.896201741,0.788741985,0.007101204,0.00169532,0.622113919,0.995082443,SIRA,0.7497076,SIRA
56322,911.589,326.8366101,219.9702012,1.485822208,0.739616972,57129,267.7898386,0.735802469,0.985874074,0.851706144,0.819338563,0.005803001,0.001613192,0.671315681,0.997455748,BARBUNYA,0.506862,CALI
37808,736.267,281.5460568,173.2103669,1.625457308,0.78836212,38822,219.4051975,0.763520336,0.973880789,0.876441427,0.779287055,0.007446732,0.001694086,0.607288315,0.987121229,DERMASON,0.6073583,SIRA
37225,713.798,252.8133685,188.5272921,1.340990822,0.666262538,37629,217.7070097,0.792898526,0.9892636,0.918108307,0.861137253,0.006791494,0.002303746,0.741557369,0.994421625,SEKER,0.6673778,DERMASON
47959,949.132,328.4505389,190.1176608,1.72761719,0.815446866,50202,247.1098851,0.641574807,0.955320505,0.669000976,0.752350372,0.006848569,0.001353506,0.566031082,0.977885028,HOROZ,0.68188924,HOROZ
41451,757.604,282.6748516,187.2938924,1.509258246,0.748993688,41897,229.7325671,0.718637309,0.989354846,0.907528679,0.812709605,0.006819494,0.001835158,0.660496902,0.996860397,DERMASON,0.7024079,SIRA
38435,739.256,271.6189535,180.795449,1.502355037,0.74628939,38982,221.2170018,0.70034621,0.985967883,0.883785828,0.814438753,0.007066969,0.001917991,0.663310483,0.996527845,SIRA,0.5153499,SIRA
41487,815.9,299.046841,177.0814896,1.688752684,0.805825541,42483,229.8323062,0.68917572,0.976555328,0.783155548,0.76854952,0.007208206,0.001551295,0.590668365,0.997492788,BARBUNYA,0.6454507,SIRA
41863,754.738,264.7545345,202.1420334,1.309745084,0.645799136,42324,230.8714514,0.784112832,0.989107835,0.923523133,0.872020764,0.006324309,0.002255798,0.760420212,0.995956635,SEKER,0.6962362,SEKER
53368,951.913,321.0170573,212.3244295,1.511917672,0.750023064,54618,260.6726837,0.706383767,0.977113772,0.740110006,0.812021286,0.00601516,0.001613231,0.659378569,0.996926111,BARBUNYA,0.66094047,SIRA
58667,941.385,371.3572029,203.7425988,1.822678248,0.83605661,59551,273.3077832,0.773868883,0.985155581,0.831896308,0.735970061,0.006329916,0.001145561,0.54165193,0.987257191,HOROZ,0.54701626,HOROZ
60155,959.281,352.8874658,217.4922322,1.622529054,0.787494419,61020,276.7520999,0.681967622,0.98582432,0.821466599,0.784250297,0.005866303,0.001368873,0.615048529,0.997934108,BARBUNYA,0.7161667,CALI
57200,956.741,352.786447,206.9037954,1.705074798,0.809960425,58277,269.8690459,0.737893134,0.981519296,0.785266593,0.764964324,0.006167595,0.001302748,0.585170417,0.99775933,BARBUNYA,0.4186106,CALI
39528,744.617,284.7914944,177.3370381,1.605933523,0.782468013,39961,224.3403948,0.727687776,0.989164435,0.895877874,0.787735586,0.007204804,0.001711291,0.620527354,0.996525679,DERMASON,0.7455068,DERMASON
54424,899.296,324.8266146,213.682777,1.52013475,0.753160837,55211,263.2390339,0.74840484,0.985745594,0.845658461,0.810398601,0.005968444,0.001587946,0.656745892,0.998342252,BARBUNYA,0.45887437,SIRA
35570,710.53,263.2603831,173.378732,1.518412207,0.752508363,36054,212.8124306,0.789286824,0.986575692,0.885378334,0.808372411,0.007401192,0.001949518,0.653465955,0.992230682,SIRA,0.5334592,DERMASON
57105,953.054,346.2734018,210.2189885,1.647203254,0.794633369,58126,269.6448483,0.696062896,0.982434711,0.790039823,0.778705055,0.006063802,0.001375361,0.606381562,0.998833682,BARBUNYA,0.57076395,SIRA
56545,975.553,339.5660561,212.5891557,1.597287759,0.77977387,57685,268.3194552,0.792024428,0.980237497,0.746624668,0.790183384,0.006005236,0.00144418,0.62438978,0.997330152,BARBUNYA,0.5932532,CALI
37568,730.495,278.2250605,172.449082,1.613375133,0.784745079,38030,218.7077118,0.787523059,0.987851696,0.884694737,0.786081999,0.007405906,0.001744333,0.61792491,0.996944683,SIRA,0.55999076,DERMASON
55607,898.497,311.4197591,228.7198652,1.361577224,0.678671061,56424,266.084632,0.75650636,0.985520346,0.865577715,0.854424371,0.00560037,0.001841158,0.730041006,0.994007207,BARBUNYA,0.6004475,CALI
57433,975.96,340.4333752,217.3321384,1.566419848,0.769706062,58982,270.4181332,0.698392432,0.973737751,0.757717521,0.794334965,0.005927487,0.001455677,0.630968037,0.988360856,BARBUNYA,0.4642601,CALI
49084,824.934,298.3111669,210.0329701,1.420306378,0.710127163,49637,249.9913795,0.74061109,0.988859117,0.906382276,0.838022197,0.006077564,0.001848977,0.702281203,0.997454471,SIRA,0.6686301,SIRA
58984,924.535,349.1392395,215.5429853,1.619812581,0.786684399,59646,274.0451811,0.684777561,0.988901184,0.867156275,0.78491659,0.005919219,0.00138592,0.616094053,0.997956898,BARBUNYA,0.48676866,CALI
39453,744.392,275.5972103,182.7439808,1.508105543,0.74854538,39919,224.1274632,0.727056612,0.988326361,0.894718675,0.813242859,0.006985456,0.001884758,0.661363947,0.997406635,DERMASON,0.52008563,SIRA
37534,715.824,259.3168198,185.2391386,1.399902967,0.699803678,37979,218.6087214,0.784950959,0.988282998,0.920496631,0.843017902,0.006908851,0.002152449,0.710679183,0.994881898,SIRA,0.67438936,DERMASON
40699,745.807,275.1003877,188.7733986,1.457304841,0.727414594,41082,227.639136,0.71620385,0.990677182,0.919476623,0.827476609,0.006759389,0.001954835,0.684717539,0.997842184,DERMASON,0.53992826,DERMASON
39936,743.299,277.6154851,183.5212157,1.512716031,0.750330749,40423,225.4952205,0.769227806,0.987952403,0.908337681,0.812257358,0.00695151,0.001866524,0.659762015,0.998032578,SIRA,0.59024626,DERMASON
42516,758.388,279.1933792,194.2158117,1.437541964,0.718398431,42878,232.665108,0.726520848,0.991557442,0.928922233,0.833347512,0.006566784,0.001953606,0.694468076,0.998327002,SEKER,0.56371635,SEKER
38844,740.042,279.8671492,177.3099133,1.578406666,0.773701513,39320,222.3909101,0.719146888,0.987894201,0.891294185,0.794630276,0.0072049,0.001772018,0.631437276,0.996664806,DERMASON,0.65595496,DERMASON
56778,908.906,315.9444788,229.5528208,1.376347621,0.687102354,57545,268.8717071,0.759226573,0.986671301,0.863678311,0.851009355,0.005564558,0.001800312,0.724216922,0.996774238,BARBUNYA,0.52972996,CALI
41739,751.568,271.1479575,197.1234861,1.375523348,0.686641672,42121,230.5292722,0.772472378,0.99093089,0.928571484,0.85019734,0.006496273,0.002093741,0.722835517,0.99427713,SIRA,0.7026322,SIRA
39266,742.046,269.8232313,185.9702506,1.450894594,0.724542673,39665,223.5956707,0.696650344,0.989940754,0.896117316,0.828674646,0.006871676,0.001998843,0.686701669,0.99633174,SIRA,0.700057,SIRA
74794,1197.889,423.797634,225.4317118,1.879937967,0.846786793,75813,308.5946832,0.759985775,0.986559033,0.655003273,0.728165186,0.005666198,0.000982633,0.530224539,0.996789241,BARBUNYA,0.6579367,HOROZ
55059,944.732,344.3276911,204.9475016,1.680077524,0.803569728,55970,264.7702704,0.732859482,0.983723423,0.775212793,0.768948526,0.006253795,0.001348691,0.591281835,0.993399322,BARBUNYA,0.4442717,SIRA
34414,707.737,276.4939671,160.5266301,1.722418062,0.81420382,34773,209.3257406,0.634195784,0.989675898,0.863378475,0.757071638,0.008034346,0.001628089,0.573157465,0.987216771,HOROZ,0.7185286,HOROZ
75402,1086.551,448.2857526,217.1653723,2.064259821,0.874827179,76439,309.8464267,0.78433453,0.986433627,0.802587697,0.691180625,0.005945277,0.000836986,0.477730657,0.9861602,HOROZ,0.5276026,HOROZ
56893,938.275,339.6134553,214.159517,1.5857967,0.776109749,58014,269.1438601,0.716419226,0.980677078,0.812097941,0.792500579,0.005969336,0.00145246,0.628057168,0.995970985,BARBUNYA,0.50095665,SIRA
37571,748.438,285.6646265,168.9448663,1.690874856,0.806371143,38088,218.7164441,0.661554444,0.986426171,0.842851297,0.765640628,0.007603328,0.001611697,0.586205572,0.991200262,DERMASON,0.5352515,SIRA
57351,952.862,329.4250151,222.7448097,1.478934641,0.736752608,58282,270.2250194,0.724256813,0.984025943,0.793762986,0.820292956,0.005744015,0.001604247,0.672880534,0.995146331,BARBUNYA,0.6300332,CALI
60192,996.209,353.956217,219.4736662,1.612750282,0.784555344,61801,276.8371989,0.685714286,0.973964823,0.762162744,0.782122719,0.005880453,0.001357345,0.611715948,0.986545067,BARBUNYA,0.65983707,CALI
54722,913.265,358.5574862,195.6424775,1.83271798,0.83802119,55746,263.9587361,0.757502769,0.981630969,0.824476341,0.736168526,0.006552346,0.001187095,0.541944099,0.993230694,SIRA,0.5658435,HOROZ
38857,752.396,280.8577702,176.3655002,1.592475681,0.778251204,39375,222.428121,0.697712418,0.986844444,0.862553765,0.791960005,0.007227984,0.001753921,0.627200649,0.998801781,SIRA,0.51730746,SIRA
64605,1067.702,385.7553397,214.0935549,1.801807345,0.831851486,66321,286.8059288,0.69214699,0.974125842,0.712157221,0.743491792,0.005970983,0.001125461,0.552780045,0.996003144,BARBUNYA,0.55306536,HOROZ
39069,731.629,267.7007193,186.0038201,1.43922162,0.719183659,39440,223.0340686,0.786698079,0.990593306,0.917192165,0.833147065,0.006851998,0.002036497,0.694134033,0.999012707,SIRA,0.5587991,DERMASON
56834,910.081,341.5703246,212.3913014,1.608212401,0.783169393,57509,269.0042682,0.806453444,0.988262707,0.862299217,0.787551637,0.006009965,0.001426159,0.62023758,0.997473768,CALI,0.49559408,CALI
41175,747.36,276.1451824,190.2841646,1.45122524,0.72469202,41595,228.9664566,0.805205726,0.989902633,0.926368485,0.829152458,0.006706623,0.001955335,0.687493798,0.997708352,SIRA,0.5907927,SIRA
58641,910.692,344.1535559,217.2837758,1.583889799,0.775492275,59181,273.2472143,0.704904436,0.99087545,0.888522006,0.793968883,0.005868821,0.001438615,0.630386587,0.998462884,BARBUNYA,0.40181318,CALI
59167,962.152,361.6777858,210.6934538,1.71660666,0.812798713,60797,274.4699695,0.702862913,0.973189467,0.803159942,0.75887981,0.00611283,0.001250587,0.575898566,0.988591314,BARBUNYA,0.6761802,CALI
41429,763.787,289.557452,182.5790791,1.585928976,0.776152481,41914,229.671594,0.702567494,0.988428687,0.892421018,0.79318143,0.006989246,0.001706476,0.629136782,0.997766252,DERMASON,0.65005434,SIRA
41428,762.051,292.3692207,181.0081983,1.615226401,0.785305652,41854,229.6688221,0.721126564,0.989821761,0.896469992,0.785543778,0.007057285,0.001657674,0.617079027,0.996722336,SIRA,0.5420887,SIRA
35506,713.086,262.1062149,173.2478277,1.512897555,0.750400622,35941,212.620891,0.760918949,0.987896831,0.877460939,0.811201257,0.007382026,0.001971831,0.658047479,0.995558422,SIRA,0.6843366,DERMASON
40292,742.57,261.4182115,197.5214725,1.323492622,0.655060352,40759,226.4980524,0.770136473,0.988542408,0.9182351,0.866420327,0.006488092,0.002255336,0.750684184,0.993524978,SIRA,0.49316615,SIRA
59787,1036.442,352.5588679,216.6008809,1.627688985,0.789019632,61185,275.9042817,0.694100028,0.977151263,0.699401595,0.782576491,0.005896915,0.001364306,0.612425964,0.996838996,BARBUNYA,0.32715634,SIRA
39822,749.984,279.064832,182.239523,1.531307959,0.75732643,40271,225.1731448,0.700425652,0.988850538,0.889669978,0.806884706,0.007007806,0.001832347,0.651062928,0.996977844,SIRA,0.68587524,SIRA
38286,725.536,263.2077967,185.3746672,1.419869288,0.709912205,38646,220.7877923,0.735279432,0.990684676,0.91396997,0.838834544,0.006874779,0.002099635,0.703643393,0.999081644,SEKER,0.568729,DERMASON
57132,914.731,335.2396035,217.507884,1.541275641,0.760947709,57887,269.7085866,0.71932917,0.986957348,0.858030047,0.804524835,0.005867808,0.001516399,0.64726021,0.997606395,BARBUNYA,0.4451363,SIRA
35772,693.316,245.5102084,185.6779934,1.322236437,0.654231454,36140,213.4158499,0.746416275,0.989817377,0.93517016,0.869274851,0.006863195,0.002417322,0.755638767,0.999133111,SEKER,0.73538727,SEKER
51698,884.134,347.2037517,190.8745918,1.819015032,0.83533051,52252,256.5617625,0.657819061,0.989397535,0.831088786,0.738937184,0.006716,0.001235152,0.546028162,0.993233434,SIRA,0.6450998,HOROZ
48439,810.37,297.981992,207.3178381,1.4373196,0.718294206,48883,248.343412,0.79979856,0.990917088,0.926911612,0.833417518,0.006151696,0.001830733,0.694584759,0.998340287,BARBUNYA,0.6558726,SEKER
52187,975.927,311.1939098,215.7707987,1.442242935,0.720587066,53664,257.7722873,0.709043233,0.972476893,0.688553245,0.828333329,0.005963054,0.001731686,0.686136104,0.989574948,BARBUNYA,0.71066666,SIRA
39345,834.349,271.2153929,186.4318545,1.454769592,0.726284644,40593,223.8204859,0.708459378,0.969255783,0.710238015,0.825249937,0.006893262,0.00197218,0.681037458,0.990752585,SIRA,0.48268107,DERMASON
55796,900.322,330.2017687,215.5174973,1.532134388,0.757630026,56573,266.5364396,0.770131125,0.986265533,0.865002185,0.807192647,0.005918019,0.001549762,0.651559969,0.998277434,BARBUNYA,0.40644985,CALI
66185,1035.179,338.3862849,249.4171013,1.356708434,0.675807632,67385,290.2918519,0.733408685,0.982191882,0.776137256,0.857871211,0.005112734,0.001708132,0.735943014,0.998460094,BARBUNYA,0.6921323,CALI
62877,977.534,391.1334648,205.399362,1.904258421,0.851016587,63528,282.9443105,0.730864456,0.98975255,0.826871328,0.723395812,0.006220613,0.001050792,0.523301501,0.996501291,HOROZ,0.59930116,HOROZ
38488,748.479,286.4139234,171.3384257,1.671626912,0.801332202,39028,221.369473,0.679519774,0.98616378,0.863328282,0.772900529,0.007441642,0.00163811,0.597375228,0.998588508,SIRA,0.63898814,DERMASON
58469,951.946,358.0763383,209.1198282,1.712302182,0.811747134,59369,272.8461892,0.705840456,0.984840573,0.810794704,0.761977713,0.006124208,0.0012735,0.580610035,0.994179829,BARBUNYA,0.50655943,CALI
64717,954.219,329.0857416,250.6054893,1.313162543,0.648141,65499,287.0544262,0.789992798,0.988060886,0.893165875,0.872278528,0.005084997,0.001815897,0.76086983,0.999145761,BARBUNYA,0.59769654,SEKER
38325,720.488,263.1013581,186.158153,1.413321705,0.706660289,38695,220.9002163,0.806842105,0.990438041,0.927766152,0.839601201,0.006865006,0.002104325,0.704930177,0.996293119,DERMASON,0.69722694,DERMASON
36918,727.642,272.6541286,172.5646057,1.580011889,0.77422813,37365,216.8074203,0.767079455,0.988036933,0.876218688,0.795173803,0.007385398,0.001821386,0.632301377,0.999043693,DERMASON,0.7084719,DERMASON
53755,929.598,325.297157,210.939448,1.542135244,0.761255922,54945,261.6161152,0.719111194,0.978341978,0.781696863,0.804237324,0.006051477,0.00156163,0.646797674,0.997449489,BARBUNYA,0.6538695,SIRA
64214,1087.234,373.9952469,219.543195,1.703515551,0.809571451,66325,285.9367135,0.675823019,0.968171881,0.682642837,0.764546384,0.005824201,0.001227528,0.584531173,0.995757943,BARBUNYA,0.5348948,CALI
41837,764.055,292.4190772,182.7281369,1.600295839,0.780717242,42166,230.7997462,0.685021449,0.992197505,0.90057763,0.789277322,0.006989485,0.001673183,0.622958691,0.996918201,DERMASON,0.67463785,SIRA
40517,746.698,283.6432826,182.3308525,1.555651601,0.766019401,40950,227.1295812,0.77954786,0.989426129,0.913181636,0.800757836,0.007000599,0.001775496,0.641213112,0.997504204,SIRA,0.72583324,DERMASON
66437,1103.644,383.6814688,221.5038384,1.73216623,0.816523783,68544,290.8439713,0.668380282,0.969260621,0.685428036,0.758034972,0.005775117,0.001176244,0.574617018,0.995332194,BARBUNYA,0.6373039,CALI
51674,910.012,318.8858574,206.9663203,1.540762077,0.760763263,52718,256.5022032,0.797721413,0.980196517,0.784129344,0.804369956,0.006171108,0.001593552,0.647011026,0.996890053,BARBUNYA,0.68241936,SIRA
55429,911.762,327.8248583,215.9097795,1.51834187,0.752481661,56253,265.6584174,0.728763197,0.985351892,0.837884066,0.81036691,0.00591432,0.001573299,0.656694528,0.997086798,BARBUNYA,0.5428484,SIRA
55387,883.864,328.4568228,215.2324142,1.526056492,0.755382833,55945,265.5577501,0.80264035,0.990025918,0.890936632,0.808501245,0.005930215,0.00156305,0.653674263,0.997543852,BARBUNYA,0.5769325,SIRA
39030,740.165,275.8259887,181.0642004,1.523360156,0.75437512,39538,222.9227208,0.768639962,0.987151601,0.895264421,0.808200568,0.007067025,0.001859915,0.653188158,0.995040815,SIRA,0.62483966,SIRA
55885,883.311,336.1980754,213.2377875,1.576634607,0.773117875,56476,266.7489306,0.801057852,0.989535378,0.900073223,0.793427893,0.006015891,0.001470651,0.629527821,0.992535349,SIRA,0.7441674,SIRA
39688,750.145,287.8652303,177.0917122,1.625514976,0.788379151,40257,224.7939747,0.666801075,0.985865812,0.886295696,0.780900057,0.007253206,0.001663763,0.609804899,0.991246995,DERMASON,0.6727897,SIRA
66874,1024.488,408.2395189,209.5480011,1.948190948,0.858211215,67877,291.7989399,0.80164467,0.985223272,0.800669736,0.714773868,0.006104607,0.000982906,0.510901682,0.995334032,CALI,0.5640734,HOROZ
36144,730.977,271.9255104,169.5989374,1.603344422,0.781666753,36732,214.5226564,0.689797321,0.983992159,0.850038611,0.788902285,0.007523393,0.001797572,0.622366815,0.997868361,SIRA,0.7267379,DERMASON
56970,998.315,322.6941698,225.9358759,1.428255555,0.713991063,58070,269.3259305,0.777991724,0.981057345,0.718324849,0.834616661,0.005664282,0.001695403,0.696584971,0.994901354,BARBUNYA,0.65576655,CALI
58849,959.596,366.160794,205.5118737,1.781701404,0.827638679,59683,273.7313902,0.720526477,0.986026172,0.803104563,0.747571544,0.006222039,0.001198736,0.558863214,0.995727373,HOROZ,0.4897954,HOROZ
56247,944.16,325.14083,221.0555229,1.470855944,0.733326876,57246,267.6114808,0.776356108,0.982548999,0.792899298,0.823063289,0.00578059,0.001636383,0.677433177,0.996406616,BARBUNYA,0.66909194,CALI
41326,742.671,273.5735168,192.8118431,1.41886262,0.709416126,41701,229.3859137,0.777886534,0.99100741,0.941543314,0.838479969,0.006619889,0.002018372,0.703048658,0.99752946,SEKER,0.5699275,DERMASON
38212,750.195,270.0110103,180.4308842,1.496478896,0.743950002,38941,220.5743174,0.747130707,0.981279371,0.853220541,0.816908604,0.007066131,0.001941133,0.667339666,0.998659727,DERMASON,0.71533686,DERMASON
42101,761.563,272.6025663,196.9605551,1.384046497,0.691350982,42573,231.5267977,0.716807982,0.988913161,0.912201125,0.849319949,0.006474967,0.002078273,0.721344376,0.998374156,SEKER,0.530238,SEKER
53874,913.878,326.2558272,210.6497576,1.548807038,0.763626518,54878,261.9055311,0.736587367,0.981704873,0.810611276,0.802761236,0.006055905,0.001551331,0.644425602,0.998090908,BARBUNYA,0.59227943,SIRA
59582,943.815,331.5527716,229.2148249,1.446471762,0.722532093,60606,275.4308598,0.743177169,0.983103983,0.840526075,0.830730078,0.005564647,0.001634772,0.690112463,0.99822819,BARBUNYA,0.66188294,CALI
55619,932.404,311.9240325,228.3157107,1.366196095,0.681348308,56806,266.113341,0.744564926,0.97910432,0.803942123,0.853135101,0.005608228,0.001832638,0.727839501,0.994371484,BARBUNYA,0.63017666,SEKER
48300,851.044,317.3145946,199.6160777,1.589624434,0.777341043,49648,247.9868343,0.704656863,0.972848856,0.838017265,0.781517266,0.00656966,0.00151174,0.610769236,0.970893702,HOROZ,0.53464806,HOROZ
58778,968.674,329.3700469,227.6504993,1.446823301,0.72269278,59726,273.5662149,0.719304901,0.984127516,0.787171537,0.830574054,0.005603628,0.001644987,0.689853258,0.998095769,BARBUNYA,0.55414313,CALI
58531,972.953,343.3965287,219.7961494,1.562340968,0.768320642,60295,272.9908127,0.684573099,0.970743843,0.776984017,0.794972546,0.005866917,0.001445434,0.631981349,0.987370352,BARBUNYA,0.54629946,CALI
60380,1011.984,330.5640314,233.0859508,1.41820659,0.709092084,61607,277.26919,0.813790501,0.980083432,0.740893322,0.838776042,0.005474727,0.001671577,0.703545249,0.997772509,BARBUNYA,0.6714325,CALI
54187,931.202,353.7848501,195.5619723,1.809067714,0.833333262,55164,262.6652455,0.769133595,0.982289174,0.785266682,0.742443452,0.006528962,0.001223707,0.55122228,0.99719843,BARBUNYA,0.6934899,HOROZ
40069,743.479,283.2914062,180.5122256,1.569375179,0.770701578,40399,225.870395,0.814311263,0.991831481,0.910921506,0.797307613,0.007070089,0.001762415,0.63569943,0.997650907,DERMASON,0.5511867,DERMASON
58525,962.837,317.8193217,235.4369868,1.349912458,0.671738034,59543,272.9768202,0.765312794,0.982903112,0.793315143,0.858905679,0.005430488,0.001823058,0.737718965,0.995856022,BARBUNYA,0.55777,CALI
38577,736.982,279.8904167,176.3091297,1.587498147,0.776658406,38899,221.6252736,0.718647541,0.991722152,0.892533557,0.791828732,0.00725537,0.001759399,0.62699274,0.995349813,DERMASON,0.52525055,DERMASON
39147,762.2,298.0876818,167.413453,1.780547958,0.827391996,39577,223.2565978,0.655070281,0.989135104,0.846779745,0.748962844,0.007614573,0.001477973,0.560945341,0.998790081,DERMASON,0.37015933,DERMASON
55643,949.05,347.702205,205.5808526,1.691316096,0.80648428,56777,266.1707497,0.799135418,0.980027124,0.776322573,0.765513551,0.006248804,0.001323696,0.586010997,0.991129831,BARBUNYA,0.5840778,CALI
40448,747.503,282.4991849,182.8734254,1.544779862,0.762200156,40849,226.9360992,0.705160391,0.990183358,0.90966406,0.803315943,0.006984256,0.001794095,0.645316505,0.996871941,DERMASON,0.70237374,DERMASON
56155,934.742,344.514406,208.1900925,1.654806921,0.796756789,57050,267.3925329,0.770016592,0.984312007,0.80763435,0.776143256,0.006135062,0.001373303,0.602398354,0.996852966,BARBUNYA,0.56543434,CALI
45360,784.586,290.296352,199.1389298,1.457757919,0.727615724,45785,240.3209224,0.765182186,0.990717484,0.925980415,0.827846856,0.006399831,0.001854165,0.685330418,0.999045844,SIRA,0.71156955,SEKER
39463,756.557,293.6881473,171.4977095,1.712490203,0.811793262,39969,224.1558658,0.72877193,0.987340189,0.866396429,0.763244509,0.007442114,0.001557869,0.58254218,0.997597776,SIRA,0.49263254,DERMASON
57516,957.43,340.9225204,215.4891803,1.582086488,0.774905833,58509,270.6134617,0.690261026,0.983028252,0.788468733,0.793768219,0.005927438,0.001451515,0.630067985,0.996822045,BARBUNYA,0.568139,SIRA
56567,915.89,326.4419563,220.9832273,1.477225038,0.736033669,57388,268.3716478,0.72307653,0.985693873,0.847395935,0.822111382,0.00577089,0.001626092,0.675867124,0.998407838,BARBUNYA,0.41020095,CALI
39997,743.153,274.3001734,186.0736166,1.474148664,0.73473187,40469,225.6673704,0.704668781,0.988336752,0.910082601,0.822702252,0.006858019,0.001937979,0.676838996,0.997761301,DERMASON,0.5978756,DERMASON
40232,746.036,272.0725938,188.9822626,1.439672645,0.719393896,40685,226.3293471,0.777520099,0.988865675,0.908368189,0.831871171,0.006762592,0.00199764,0.692009644,0.996267355,SIRA,0.6884793,SIRA
61570,1001.035,372.7920342,211.1471681,1.765555454,0.824134605,62673,279.9881404,0.744354176,0.982400715,0.772112339,0.751057197,0.006054767,0.001188418,0.564086914,0.995926727,BARBUNYA,0.7278634,CALI
67792,1064.282,403.333845,214.9557913,1.876357192,0.846148268,68830,293.7949203,0.803099049,0.984919367,0.752098767,0.728416234,0.005949579,0.0010332,0.53059021,0.995576756,BARBUNYA,0.6172694,CALI
51932,897.618,313.7611961,211.334637,1.484665271,0.739139388,52906,257.1417431,0.726402954,0.98158999,0.809956708,0.819546032,0.00604177,0.00168127,0.671655698,0.997183889,BARBUNYA,0.70330733,SIRA
55660,936.905,325.913361,217.9664207,1.495245736,0.743454614,56773,266.2114067,0.705449937,0.980395611,0.796823168,0.816816487,0.005855432,0.001607817,0.667189174,0.997611767,BARBUNYA,0.4172672,SIRA
38589,734.308,269.0442127,184.1483256,1.461019056,0.729056265,39252,221.659741,0.776001448,0.983109141,0.89932542,0.823878495,0.006972044,0.001981493,0.678775774,0.991704341,SIRA,0.6216415,SIRA
52655,915.993,310.9966465,216.5300928,1.436274481,0.717803496,53696,258.9255264,0.740951818,0.980613081,0.788615251,0.83256694,0.005906308,0.001750542,0.69316771,0.995579093,BARBUNYA,0.500997,SIRA
33685,697.902,266.4420075,161.8765843,1.645957682,0.794282173,34140,207.0967746,0.809735577,0.986672525,0.869075546,0.777267731,0.007909812,0.001780855,0.604145126,0.994397311,DERMASON,0.7443202,DERMASON
37318,724.77,267.1270422,178.4003095,1.497346294,0.744297525,37722,217.978791,0.820175824,0.989290069,0.892745783,0.816011697,0.007158129,0.001957784,0.665875089,0.997045597,SIRA,0.6187776,SIRA
61089,986.967,379.3360923,210.1829062,1.804790404,0.832462786,63250,278.8923279,0.812461764,0.965833992,0.788075119,0.735211686,0.006209565,0.001119156,0.540536223,0.975554588,HOROZ,0.5227197,HOROZ
37123,731.932,278.7859993,170.6059162,1.634093386,0.790888614,37539,217.4085362,0.675160047,0.988918192,0.870786043,0.779840224,0.007509792,0.001713287,0.608150775,0.99377516,DERMASON,0.49928346,DERMASON
49699,821.93,300.5880917,210.9711763,1.424782745,0.712313545,50144,251.5526429,0.802243745,0.991125558,0.924459415,0.836868292,0.006048172,0.001829921,0.700348538,0.997844512,SIRA,0.5976596,SEKER
51695,880.771,306.3289695,216.056113,1.417821349,0.708901517,52714,256.5543184,0.773483556,0.980669272,0.837398908,0.837512426,0.005925698,0.001798392,0.701427063,0.994498265,BARBUNYA,0.3990532,SIRA
37866,730.356,273.9633121,176.5962002,1.551354513,0.764521701,38306,219.5734242,0.782161448,0.988513549,0.892051837,0.801470177,0.007235074,0.001841502,0.642354444,0.996519465,DERMASON,0.5072951,SIRA
60408,999.737,369.4875345,208.9364254,1.768420867,0.824764579,61404,277.3334715,0.742477876,0.983779558,0.759508765,0.750589521,0.006116533,0.001197554,0.563384629,0.996301134,BARBUNYA,0.49766976,HOROZ
63608,972.463,322.7578655,251.5858028,1.282893796,0.626417469,64527,284.584295,0.780791987,0.9857579,0.845231029,0.881726909,0.005074171,0.001891826,0.777442342,0.997375957,BARBUNYA,0.53048027,SEKER
39659,742.829,280.2756751,180.6504477,1.551480656,0.764565886,40165,224.7118313,0.736499034,0.987401967,0.903179191,0.801752886,0.007067139,0.001801298,0.642807689,0.997303696,DERMASON,0.74238276,DERMASON
36766,750.839,285.5181836,164.4025316,1.736701867,0.817587717,37323,216.3606367,0.787567209,0.985076226,0.819525746,0.757782338,0.007765821,0.001579593,0.574234072,0.997273385,DERMASON,0.53385514,DERMASON
40783,751.422,284.9988079,182.6373103,1.560463234,0.767678355,41172,227.8739308,0.759799538,0.990551831,0.907655871,0.799560996,0.006988177,0.001761773,0.639297787,0.997600692,DERMASON,0.6654469,DERMASON
54358,923.33,326.4177656,214.2647816,1.523431724,0.754401954,55744,263.0793705,0.714043638,0.975136338,0.80123413,0.805959106,0.006004963,0.001562939,0.64957008,0.989575667,BARBUNYA,0.67187226,SIRA
52836,932.617,321.6612199,209.4603282,1.535666552,0.758920721,53871,259.370169,0.715789474,0.980787437,0.763366576,0.806345785,0.006087918,0.001587573,0.650193526,0.99848045,BARBUNYA,0.6948279,SIRA
40619,750.107,276.4574257,187.3624136,1.475522334,0.735314443,41042,227.4152965,0.744756142,0.989693485,0.907178303,0.82260513,0.006806111,0.001922403,0.676679199,0.998455271,SIRA,0.58576566,SIRA
56277,944.618,335.3126339,213.9215297,1.567456227,0.770055958,57408,267.6828382,0.698243133,0.980298913,0.792553099,0.798308239,0.005958254,0.00149273,0.637296044,0.998933653,BARBUNYA,0.44243896,SIRA
62298,992.583,327.6850936,242.658033,1.350398705,0.672032077,63353,281.6385577,0.801157407,0.983347276,0.794603188,0.859479309,0.005259962,0.001770533,0.738704682,0.997545846,BARBUNYA,0.6942305,CALI
38806,743.685,269.7196657,183.8611997,1.46697436,0.731654945,39305,222.282104,0.770204827,0.987304414,0.881720015,0.824122718,0.006950463,0.001977703,0.679178255,0.996337085,SIRA,0.5552713,SIRA
56857,952.885,328.1323757,221.256783,1.483038717,0.738465529,57866,269.058694,0.794047819,0.982563163,0.786887822,0.819969969,0.005771187,0.001609299,0.67235075,0.997122194,BARBUNYA,0.7354754,CALI
55377,921.337,322.9626948,219.5998638,1.470687136,0.733254519,56515,265.5337761,0.714025994,0.979863753,0.819789335,0.822180953,0.005832073,0.001643888,0.675981519,0.994157324,BARBUNYA,0.5424485,SIRA
62145,1051.69,328.9746105,241.2600003,1.363568806,0.679830076,63727,281.2925017,0.767933272,0.975175357,0.706058308,0.855058393,0.005293662,0.001745497,0.731124855,0.996939045,BARBUNYA,0.66752696,SEKER
41130,751.167,278.9962563,187.7938233,1.485651932,0.739546771,41511,228.8413041,0.719005664,0.99082171,0.916000209,0.820230734,0.006783279,0.001893929,0.672778457,0.999514615,SIRA,0.4705384,DERMASON
37690,744.443,288.0076329,167.4450954,1.720012355,0.813624179,38265,219.0625446,0.672459321,0.984973213,0.854620095,0.760613677,0.007641487,0.001577663,0.578533165,0.995084192,DERMASON,0.47871324,DERMASON
40644,760.4,286.7542768,180.6244549,1.587571721,0.776682083,41112,227.48527,0.78790346,0.988616462,0.88332819,0.793310818,0.007055267,0.00172372,0.629342054,0.999125649,SIRA,0.6671534,SIRA
64137,1007.701,393.1304149,213.5250628,1.841144125,0.839641806,66763,285.7652265,0.798707364,0.960666836,0.793697709,0.726896764,0.006129542,0.001055598,0.528378906,0.972821718,CALI,0.6031345,CALI
37202,722.697,259.5978011,183.2721586,1.416460651,0.708226766,37691,217.6397426,0.746803172,0.98702608,0.8950837,0.838372828,0.00697806,0.00212649,0.702868998,0.995586279,SIRA,0.6358411,DERMASON
35763,727.767,267.0238367,171.703531,1.555144703,0.765843525,36421,213.3890012,0.73712307,0.9819335,0.848514149,0.799138398,0.007466483,0.001878382,0.63862218,0.9931499,DERMASON,0.6686117,DERMASON
39642,748.914,278.4701824,182.1280998,1.528979783,0.756467846,40182,224.6636642,0.726962645,0.986561147,0.88818109,0.80677817,0.007024625,0.001835775,0.650891016,0.995199204,SIRA,0.6800068,SIRA
41513,748.568,274.4578049,193.3277513,1.419650325,0.709804421,41885,229.9043132,0.796641719,0.991118539,0.930960957,0.837667245,0.00661137,0.002007971,0.701686413,0.996149344,DERMASON,0.63151354,SIRA
40350,739.414,271.152412,189.7138297,1.429270668,0.71447836,40740,226.6610148,0.775484317,0.990427099,0.927423432,0.835917383,0.00672001,0.002023966,0.698757872,0.99871413,DERMASON,0.5357285,DERMASON
56988,902.722,345.5850376,211.0016028,1.637831338,0.791967321,57852,269.3684747,0.757718389,0.985065339,0.878790243,0.779456416,0.006064172,0.001380761,0.607552304,0.995068203,BARBUNYA,0.55685943,SIRA
52377,888.1,346.0571882,194.580319,1.77847991,0.826948324,53242,258.2411037,0.738224101,0.983753428,0.834500774,0.74623823,0.006607045,0.001263854,0.556871496,0.990384769,SIRA,0.56026316,SIRA
41945,779.596,305.9030809,175.3677635,1.74435184,0.819360343,42389,231.0974528,0.725390841,0.989525584,0.86726308,0.75545971,0.007292957,0.001465307,0.570719374,0.995535389,SIRA,0.7161816,SIRA
39882,773.165,297.0555479,171.3736421,1.733379441,0.816809323,40377,225.3427157,0.662337662,0.987740545,0.838382919,0.758587804,0.007448361,0.001521472,0.575455456,0.997482657,SIRA,0.61921275,SIRA
62260,978.069,379.9616253,210.0652357,1.808779183,0.833274765,62976,281.5526488,0.818618105,0.988630589,0.817861928,0.741002854,0.006102821,0.001134984,0.54908523,0.993173933,HOROZ,0.5944548,CALI
53364,919.64,314.3128688,216.9357311,1.448875513,0.723627793,54228,260.6629146,0.766525898,0.984067272,0.792907515,0.829310348,0.00588998,0.001718549,0.687755653,0.996472325,BARBUNYA,0.34809607,SEKER
41449,784.715,303.1167782,174.3190352,1.738862184,0.81809106,41924,229.7270247,0.71433003,0.988669974,0.845862969,0.757882906,0.007313006,0.001488278,0.574386499,0.998778962,SIRA,0.7119144,SIRA
37877,734.382,276.3658087,175.144446,1.577930759,0.773545006,38345,219.6053147,0.812601905,0.987795019,0.88255421,0.794618248,0.007296402,0.001794414,0.63141816,0.996334137,SIRA,0.6806728,SIRA
38180,724.522,262.1790259,186.3858232,1.406646822,0.703282487,38554,220.4819399,0.702975401,0.99029932,0.913992503,0.84095949,0.006866921,0.002118566,0.707212864,0.994798727,DERMASON,0.6302064,DERMASON
52596,887.942,312.6866807,214.5149593,1.457645106,0.727565667,53574,258.7804225,0.752920293,0.981744876,0.838288258,0.82760296,0.005945066,0.001720381,0.68492666,0.998379994,BARBUNYA,0.70915335,SEKER
58481,926.502,348.7394788,214.4989431,1.625833087,0.788473062,59402,272.8741868,0.697447823,0.984495472,0.856114656,0.78245855,0.005963295,0.001378832,0.612241382,0.995402296,BARBUNYA,0.5473345,SIRA
39019,732.383,268.4644149,185.2726228,1.449023665,0.723695093,39467,222.8913049,0.772041947,0.988648745,0.914133214,0.830245249,0.006880351,0.002016582,0.689307173,0.998822406,DERMASON,0.6163698,DERMASON
39373,745.525,287.8294568,174.8563959,1.646090526,0.794319675,39750,223.900113,0.74381305,0.990515723,0.890192535,0.777891587,0.007310326,0.001651174,0.605115322,0.996074598,SIRA,0.6810225,DERMASON
36899,735.698,278.228234,169.2945686,1.643456351,0.793574024,37354,216.7516227,0.7494922,0.987819243,0.85669318,0.779042514,0.007540265,0.001713212,0.606907238,0.997425555,DERMASON,0.5460555,DERMASON
37231,726.753,269.4122528,176.7364301,1.52437306,0.754754462,37633,217.7245542,0.729590437,0.989317886,0.885810653,0.808146444,0.007236235,0.001903937,0.653100676,0.995569075,DERMASON,0.5353907,DERMASON
40647,750.745,281.1800423,184.5515684,1.523585222,0.754459491,41131,227.4936654,0.75367129,0.98823272,0.906261362,0.809067612,0.006917609,0.001828416,0.654590401,0.997324261,SIRA,0.50737983,DERMASON
73494,1078.935,435.0816095,216.5033815,2.009583437,0.867397687,74356,305.901074,0.701626761,0.988407122,0.793361618,0.703088955,0.005919961,0.000892359,0.494334078,0.993405576,HOROZ,0.52553344,CALI
41915,803.1,305.6487655,175.2261643,1.744310085,0.819350741,42534,231.014795,0.682399101,0.985446937,0.81665774,0.755817857,0.007292109,0.001467917,0.571260633,0.996455684,SIRA,0.6632328,SIRA
40552,741.016,276.3576019,187.4512838,1.47429026,0.734792017,40892,227.2276612,0.819298529,0.991685415,0.92804059,0.822223306,0.006814895,0.001921313,0.676051166,0.996695649,DERMASON,0.5111129,SIRA
38806,734.606,273.2448178,181.2382255,1.507655557,0.74837002,39239,222.282104,0.764650246,0.98896506,0.90364906,0.813490649,0.007041303,0.001902143,0.661767035,0.997716748,DERMASON,0.62544405,DERMASON
66506,986.389,325.0822839,261.6285179,1.242533828,0.593536513,67473,290.9949642,0.762124129,0.985668341,0.858962593,0.895142487,0.004888014,0.001935891,0.801280072,0.995617596,BARBUNYA,0.74958426,CALI
39473,748.749,293.4344414,171.9005647,1.707001032,0.810439222,39937,224.1842647,0.787695562,0.988381701,0.884784463,0.764001198,0.007433801,0.001562309,0.58369783,0.996372799,DERMASON,0.67161196,DERMASON
37416,719.358,266.5843551,179.3004865,1.486802185,0.740020395,37868,218.2648181,0.757899854,0.988063801,0.908609065,0.818745789,0.007124876,0.001974938,0.670344667,0.996669915,SIRA,0.7483627,DERMASON
59489,973.613,361.7646633,210.1600776,1.721376712,0.813953262,60627,275.2158195,0.692497526,0.981229485,0.788630927,0.760759265,0.006081203,0.001256488,0.57875466,0.996254793,BARBUNYA,0.45535308,CALI
58835,921.619,349.560119,214.554192,1.629239288,0.789474484,59540,273.6988283,0.77516469,0.988159221,0.870447902,0.782980705,0.005941363,0.001377432,0.613058784,0.998819457,BARBUNYA,0.6548224,CALI
57271,990.081,355.8043692,206.0400353,1.726870065,0.815269045,58861,270.0364827,0.669640456,0.972987207,0.734181062,0.758946506,0.006212645,0.001271455,0.575999798,0.994676809,BARBUNYA,0.6511861,SIRA
53525,959.13,319.9928691,213.4049615,1.499463118,0.745142424,54660,261.0558305,0.782872605,0.979235273,0.731158595,0.81581765,0.005978381,0.001633563,0.665558438,0.997980331,BARBUNYA,0.58706653,SEKER
47712,812.843,296.4923678,205.1168993,1.445479962,0.722077921,48276,246.472727,0.743108121,0.988317176,0.90745301,0.831295351,0.00621421,0.001830573,0.691051961,0.998901762,SIRA,0.5385651,SEKER
39572,744.104,273.2721788,185.3032621,1.474729456,0.734978438,40306,224.4652206,0.726145038,0.981789312,0.89811218,0.821397998,0.006905695,0.001939107,0.674694671,0.994992105,SIRA,0.58128756,SIRA
69112,1103.241,396.1407983,223.2682399,1.774281906,0.826042184,70526,296.6414189,0.675581623,0.979950656,0.713546924,0.748828245,0.005731867,0.001111744,0.560743741,0.994917474,BARBUNYA,0.6232186,CALI
34874,717.294,277.5076202,162.0154755,1.712846377,0.811880594,35671,210.7200889,0.673100307,0.97765692,0.85175998,0.75933082,0.007957436,0.001631838,0.576583295,0.987598608,DERMASON,0.633577,DERMASON
38376,725.063,267.0181216,183.5968536,1.454371992,0.726106739,38757,221.047146,0.777597666,0.990169518,0.917314128,0.827835746,0.006957946,0.002015754,0.685312023,0.996698612,DERMASON,0.7048258,DERMASON
41549,757.851,287.6825516,184.0931776,1.562700777,0.768443391,41985,230.0039779,0.713826753,0.989615339,0.909081424,0.79950618,0.006923934,0.001745099,0.639210132,0.99889417,DERMASON,0.718572,DERMASON
65909,1076.99,386.9199994,217.4342813,1.779480205,0.827163147,67278,289.6859423,0.666413889,0.979651595,0.71405431,0.748697257,0.005870518,0.00113784,0.560547583,0.997483327,BARBUNYA,0.65056306,HOROZ
38760,738.594,271.1452449,182.28296,1.48749639,0.74030556,39191,222.1503202,0.720459488,0.989002577,0.892857358,0.819303766,0.006995491,0.001944365,0.67125866,0.998494834,SIRA,0.5268036,DERMASON
47981,809.088,291.6539681,210.0431569,1.388543061,0.693787968,48451,247.1665564,0.769777478,0.990299478,0.9210594,0.84746509,0.00607853,0.001934041,0.718197079,0.997247571,BARBUNYA,0.5225925,SEKER
54991,906.255,356.9962841,198.2208731,1.80100248,0.831685953,55868,264.6067191,0.734535497,0.984302284,0.841396401,0.741203007,0.006491904,0.00120865,0.549381897,0.989438159,HOROZ,0.52196413,HOROZ
49317,886.931,310.5630747,202.4588914,1.533956215,0.758297131,50400,250.5840271,0.713085599,0.978511905,0.787819715,0.806869997,0.006297282,0.001646445,0.651039191,0.998665614,BARBUNYA,0.7430521,SIRA
56430,946.46,330.9432846,217.743578,1.519876212,0.753063084,57314,268.0464652,0.716571429,0.984576194,0.791617499,0.809946833,0.005864669,0.001556859,0.656013872,0.997059879,BARBUNYA,0.42138147,CALI
38261,734.029,271.8838261,179.5208841,1.514496921,0.751014893,38662,220.7156955,0.713931184,0.989628059,0.892359279,0.811801491,0.00710603,0.001903734,0.659021661,0.998086276,DERMASON,0.6056041,DERMASON
55722,897.584,318.9323359,225.0086389,1.417422626,0.708704064,56736,266.3596327,0.779274177,0.98212775,0.869133231,0.835160323,0.005723634,0.001717636,0.697492765,0.988642027,CALI,0.64611846,CALI
34668,704.917,268.2745335,166.9007759,1.607389373,0.782916503,35416,210.0968075,0.747670807,0.978879602,0.876723572,0.783141079,0.007738391,0.001795521,0.613309949,0.985827894,SIRA,0.58805585,DERMASON
41741,756.956,281.0310209,189.7241324,1.481261331,0.737725936,42253,230.5347953,0.747711599,0.987882517,0.915443282,0.820317965,0.006732733,0.001880616,0.672921564,0.996772692,SIRA,0.70233345,SIRA
40319,747.433,278.4560902,184.6588803,1.507948547,0.748484221,40744,226.5739288,0.778569498,0.989569016,0.906932738,0.8136792,0.006906324,0.00186741,0.662073841,0.998373286,SIRA,0.49500108,DERMASON
58299,913.932,348.2718994,213.7338655,1.629465217,0.78954064,58881,272.4492471,0.71911928,0.990115657,0.877088066,0.782288917,0.005973891,0.001380085,0.61197595,0.997193524,BARBUNYA,0.48031384,CALI
36805,722.071,269.0060866,174.8412733,1.538573138,0.759974532,37326,216.4753599,0.69607565,0.986041901,0.887067933,0.804722907,0.007308955,0.001890691,0.647578956,0.996347587,DERMASON,0.7093376,DERMASON
49777,861.277,300.7570338,211.6168613,1.42123379,0.710582389,50590,251.7499649,0.801910654,0.98392963,0.843243269,0.837054288,0.006042088,0.001829706,0.700659882,0.995801499,BARBUNYA,0.5910918,SIRA
37713,717.219,252.764546,190.9237129,1.323903365,0.655330644,38160,219.1293749,0.715820442,0.988286164,0.921292155,0.866930819,0.006702319,0.0023353,0.751569045,0.995004788,DERMASON,0.6964283,DERMASON
55563,873.756,315.9455,224.7293094,1.40589361,0.702897275,56100,265.9793391,0.711333871,0.990427807,0.914566329,0.841851962,0.005686257,0.00176177,0.708714726,0.996377505,SIRA,0.38491523,SEKER
72835,1074.908,434.1313881,219.2406024,1.980159621,0.863113613,75191,304.5265214,0.605696466,0.968666463,0.792149949,0.701461654,0.005960478,0.000890177,0.492048451,0.974334475,HOROZ,0.7183423,HOROZ
59632,925.853,346.4436997,219.3624607,1.579320813,0.774001653,60256,275.5464036,0.793611924,0.989644185,0.874188649,0.795356948,0.005809694,0.001434106,0.632592674,0.999066777,BARBUNYA,0.6795646,CALI
56928,935.66,324.0394421,224.1507189,1.445631955,0.722147602,57936,269.2266346,0.77012987,0.982601491,0.817146008,0.83084526,0.005692093,0.00167314,0.690303847,0.9979253,BARBUNYA,0.5269743,CALI
41631,758.77,287.7112302,184.4771924,1.559603258,0.767383241,42025,230.2308309,0.707649159,0.990624628,0.908670448,0.800214961,0.006910985,0.00174802,0.640343984,0.998682564,DERMASON,0.6107781,DERMASON
39013,745.539,271.5765221,183.4064154,1.480736219,0.737506778,39546,222.8741671,0.759924422,0.986522025,0.882020092,0.820668021,0.00696118,0.001947748,0.673496001,0.997269923,DERMASON,0.5329852,SIRA
41187,756.309,275.2738998,190.8468223,1.442381363,0.72065109,41706,228.9998191,0.728947648,0.987555747,0.904839366,0.831898045,0.006683514,0.001974536,0.692054357,0.998206307,SIRA,0.6745612,SIRA
43991,808.658,320.6896817,177.0497204,1.811297307,0.833784206,45031,236.6666027,0.746838022,0.976904799,0.845364339,0.737992571,0.007289893,0.001333856,0.544633035,0.986492349,HOROZ,0.6191973,SIRA
66294,1109.72,348.0218186,243.3940844,1.429869668,0.714765262,68370,290.5307942,0.725714286,0.969635805,0.676483583,0.834806264,0.005249673,0.001572732,0.696901498,0.996478314,BARBUNYA,0.60979754,CALI
58962,931.901,335.844087,224.6666206,1.494855293,0.743297439,59755,273.9940693,0.700128242,0.986729144,0.853183632,0.81583711,0.005695941,0.001556536,0.66559019,0.994961019,BARBUNYA,0.6714508,CALI
58635,926.523,353.2945175,211.9276991,1.667052108,0.800104026,59458,273.233235,0.728204173,0.986158297,0.858330182,0.77338657,0.006025318,0.001329677,0.598126786,0.997108519,BARBUNYA,0.64018255,CALI
59468,945.536,370.0789421,205.5291693,1.80061518,0.831606207,60107,275.1672387,0.746710196,0.989368959,0.835866769,0.743536601,0.006223161,0.001173276,0.552846677,0.995464119,CALI,0.6311654,CALI
35633,712.676,262.5884816,173.4937258,1.513533013,0.750644977,36022,213.0008091,0.694979716,0.989201044,0.881612997,0.811158234,0.00736925,0.001968001,0.657977681,0.995870943,SIRA,0.71270835,DERMASON
34908,747.326,281.8264912,158.9575472,1.772967035,0.825756839,35676,210.8227835,0.715621156,0.978472923,0.785442953,0.748058788,0.008073407,0.001559479,0.55959195,0.992138081,DERMASON,0.5949586,DERMASON
58260,952.149,319.5159041,232.9670574,1.371506803,0.684380469,59309,272.3581023,0.735401782,0.982312971,0.80755203,0.852408593,0.00548431,0.001786048,0.72660041,0.996537405,BARBUNYA,0.549804,SEKER
38343,729.785,279.4803126,175.2427818,1.594817828,0.778994413,38680,220.952085,0.810634249,0.991287487,0.904703121,0.79058193,0.007288953,0.001756436,0.625019788,0.996792701,DERMASON,0.7131341,DERMASON
58153,989.011,324.2262804,229.3608779,1.413607601,0.706803541,59388,272.1078816,0.742050327,0.979204553,0.747101734,0.83925301,0.005575401,0.00170619,0.704345614,0.995668314,BARBUNYA,0.5048523,CALI
37851,726.205,263.247378,184.7009001,1.425263103,0.712546546,38379,219.5299296,0.769172932,0.986242476,0.901921526,0.833930166,0.006954833,0.002074843,0.695439522,0.991184291,SIRA,0.5575744,SIRA
40142,735.881,265.0161237,193.2607067,1.371288185,0.684256607,40542,226.0760531,0.781855011,0.990133689,0.931523233,0.853065278,0.006601966,0.002156662,0.727720368,0.997914342,SEKER,0.4430581,SEKER
38542,744.351,276.7167368,177.5913628,1.558165512,0.766888511,39034,221.5247131,0.695478004,0.987395604,0.874155227,0.800546854,0.007179615,0.00181898,0.640875266,0.998589737,DERMASON,0.5436502,DERMASON
56644,961.412,343.1227678,210.5020018,1.630021401,0.78970336,57622,268.5542418,0.79567355,0.983027316,0.770095705,0.782676835,0.006057531,0.001402185,0.612583027,0.998523444,BARBUNYA,0.6269058,CALI
38624,727.337,270.6032145,182.7897977,1.480406554,0.737369038,39035,221.7602403,0.78914678,0.989470988,0.917478193,0.819503348,0.00700609,0.001949209,0.671585737,0.994219928,DERMASON,0.59455717,DERMASON
58361,919.022,328.5385737,227.1540301,1.446325093,0.722465006,59350,272.5940811,0.717159429,0.983336142,0.868321937,0.829717126,0.00562942,0.001645749,0.688430509,0.99569432,BARBUNYA,0.7128724,CALI
39330,739.666,272.6571892,183.8340801,1.483169982,0.738520015,39753,223.7778168,0.787072243,0.989359294,0.903363415,0.820729567,0.00693255,0.001940319,0.673597022,0.999058883,SIRA,0.5009722,SIRA
37423,720.829,265.9007566,179.8417138,1.478526594,0.736581302,37870,218.2852342,0.793364427,0.988196462,0.905073736,0.820927466,0.007105276,0.001990581,0.673921904,0.996411457,DERMASON,0.52417415,DERMASON
36740,721.564,269.9064932,173.591386,1.554838056,0.765737026,37169,216.2841207,0.761640201,0.988458124,0.886746129,0.801329817,0.007346393,0.001868526,0.642129475,0.998407345,DERMASON,0.7423832,DERMASON
44830,814.955,320.7319468,178.4058376,1.797765988,0.831017734,45297,238.9128058,0.658877131,0.989690266,0.848225541,0.744898686,0.007154404,0.001358758,0.554874053,0.9975337,SIRA,0.6265034,SIRA
39318,746.921,279.8154344,179.4510188,1.55928585,0.767274166,39764,223.7436757,0.791711973,0.988783825,0.885629231,0.79961163,0.007116726,0.001794636,0.63937876,0.996974253,DERMASON,0.69969934,SIRA
37537,742.621,294.2614873,162.9060461,1.806326372,0.832776187,37949,218.6174577,0.732229245,0.989143324,0.855332496,0.742936018,0.007839238,0.001473192,0.551953927,0.997008934,DERMASON,0.5974211,DERMASON
58910,993.443,358.499459,209.8883902,1.708048066,0.810698681,60140,273.8732217,0.761209459,0.979547722,0.750089315,0.763943194,0.006085545,0.001278567,0.583609204,0.996832571,BARBUNYA,0.6284149,CALI
49309,867.448,304.0723235,206.8129106,1.470277279,0.733078706,50235,250.5637019,0.778456632,0.981566637,0.823472611,0.824026663,0.00616667,0.001753862,0.679019941,0.998347591,BARBUNYA,0.57930076,SEKER
40674,748.346,275.7774682,188.3993784,1.463791816,0.730271295,41111,227.5692098,0.7091746,0.989370242,0.912687001,0.825191453,0.00678019,0.00193928,0.680940934,0.996755767,SIRA,0.6018556,SIRA
57563,986.047,343.6359124,213.958916,1.606083629,0.782514323,58779,270.7240069,0.710926404,0.979312339,0.743974503,0.787822219,0.005969736,0.00141856,0.620663848,0.996838046,BARBUNYA,0.4828961,SIRA
38607,754.254,287.6272745,171.7106049,1.675069951,0.802248682,39130,221.7114321,0.78905739,0.986634296,0.852787205,0.770828957,0.007450133,0.001622467,0.594177281,0.995288509,SIRA,0.6602032,SIRA
57187,898.194,326.1756939,224.4836173,1.453004445,0.725493384,57817,269.8383773,0.691917725,0.989103551,0.89077266,0.827279231,0.005703669,0.001647944,0.684390926,0.994423058,BARBUNYA,0.5622184,SIRA
39571,723.964,264.3090446,190.9827964,1.383941641,0.691293767,39867,224.4623844,0.807670327,0.992575313,0.948752531,0.849242162,0.006679362,0.002143093,0.72121225,0.998115664,DERMASON,0.5452495,DERMASON
39255,754.365,293.3298038,171.3107425,1.712267424,0.811738605,39769,223.5643494,0.716397482,0.98707536,0.866845672,0.762160362,0.007472419,0.001555344,0.580888417,0.994636314,SIRA,0.5219552,SIRA
60874,921.145,310.3337608,250.9693725,1.23654037,0.588210412,61578,278.4011208,0.8203822,0.988567345,0.901541464,0.897102268,0.005097969,0.002036783,0.80479248,0.995158391,BARBUNYA,0.51186526,CALI
36814,719.256,265.8447609,176.8942783,1.502845448,0.746483062,37293,216.5018259,0.798360514,0.987155766,0.894243692,0.814391922,0.007221295,0.001959425,0.663234203,0.996738503,SIRA,0.5125629,DERMASON
57779,949.15,329.2330424,223.8914482,1.470502983,0.733175547,58873,271.2314651,0.716443265,0.981417628,0.805953863,0.823828201,0.005698144,0.001619048,0.678692905,0.998019941,BARBUNYA,0.4426485,SEKER
38751,739.551,271.1629633,182.2863325,1.48756607,0.740334155,39175,222.1245272,0.792940454,0.989176771,0.890341303,0.819155111,0.006997573,0.001943532,0.671015095,0.998179289,SIRA,0.5853279,SIRA
58932,928.906,341.4329234,220.0762982,1.551429782,0.764548068,59770,273.9243561,0.719086317,0.985979588,0.858257304,0.802278683,0.005793676,0.001480591,0.643651085,0.998579463,BARBUNYA,0.6523084,CALI
61153,988.076,330.529591,236.1084807,1.399905628,0.699805064,62432,279.0383807,0.746496582,0.979513711,0.787130843,0.844216035,0.005404961,0.001693506,0.712700713,0.997713739,BARBUNYA,0.52221155,CALI
38147,727.24,265.5571724,183.4325973,1.44770982,0.723097325,38558,220.3866351,0.718751178,0.989340733,0.906389231,0.829902778,0.006961417,0.002036978,0.688738621,0.997093665,SIRA,0.6499459,DERMASON
39215,744.67,285.5908605,175.0477875,1.631502258,0.790135634,39613,223.4504168,0.799197033,0.989952793,0.888657411,0.782414452,0.007282694,0.001683524,0.612172375,0.998760613,SIRA,0.59818286,DERMASON
66449,1106.16,382.8587025,221.8744585,1.72556456,0.814957677,68691,290.8702365,0.642913812,0.967361081,0.682436762,0.759732598,0.005761692,0.001184058,0.57719362,0.995984855,BARBUNYA,0.51596665,CALI
34644,690.13,238.1640436,185.6528993,1.282845808,0.626381184,35094,210.0240719,0.797807664,0.987177295,0.914062897,0.881846263,0.006874612,0.002564481,0.777652832,0.997608676,DERMASON,0.7141368,SEKER
54614,925.529,339.9522929,205.3706038,1.655311357,0.796896426,55585,263.6981314,0.769753347,0.982531258,0.801186804,0.775691581,0.006224636,0.001390113,0.601697428,0.995996586,BARBUNYA,0.57093847,SIRA
64412,974.54,327.9948214,250.7908825,1.307841889,0.644483258,65298,286.3772085,0.746243411,0.986431437,0.852270212,0.87311503,0.005092138,0.001825433,0.762329856,0.997006919,BARBUNYA,0.7165693,CALI
